jonathan.amith@YALE.EDU          Jonathan Amith
sb@LDC.UPENN.EDU                 Steven Bird
choukri@ELDA.FR                  Khalid Choukri
mcrowhurst@MAIL.UTEXAS.EDU       Megan Crowhurst
mdukes@STANFORD.EDU              Michael Dukes
gary.holton@UAF.EDU              Gary Holton
alex.kasonde@LEARNLINK.EMORY.EDU Alex Kasonde
kiefer@RHEIN-NECKAR.NETSURF.DE   Ulrike Kiefer
klingler@TULANE.EDU              Tom Klingler
myl@UNAGI.CIS.UPENN.EDU          Mark Liberman
macw@CMU.EDU                     Brian MacWhinney
patrick@AIATSIS.GOV.AU           Patrick McConvell
lmichael@MAIL.UTEXAS.EDU         Lev Michael
mwape1970@YAHOO.COM              Fenson Mwape
nostler@CHIBCHA.DEMON.CO.UK      Nicholas Ostler
bill_poser@TELUS.NET             Bill Poser
haroldfs@CCAT.SAS.UPENN.EDU      Harold Schiffman
jsherzer@MAIL.UTEXAS.EDU         Joel Sherzer
amybshort@HOTMAIL.COM            Amy Short
Gary_Simons@SIL.ORG              Gary Simons
dspitul@LEARNLINK.EMORY.EDU      Debra Spitulnik
suihkonen@EVA.MPG.DE             Pirkko Suihkonen
sjtatsch@UCDAVIS.EDU             Sheri Tatsch
stinney@SAS.UPENN.EDU            Steve Tinney
david_weber@SIL.ORG              David Weber
elf@HASKINS.YALE.EDU             Doug Whalen
whalen@HASKINS.YALE.EDU          Doug Whalen
