aristar@LINGUISTLIST.ORG                 Anthony Aristar
hdry@LINGUISTLIST.ORG                    Helen Aristar-Dry
ebanik@LDC.UPENN.EDU                     Eva Banik
sb@LDC.UPENN.EDU                         Steven Bird
d.g.broeder@MPI.NL                       Daan Broeder
choukri@ELDA.FR                          Khalid Choukri
rscox@AMPHILSOC.ORG                      Rob Cox
declerck@DFKI.DE                         Thierry Declerck
garrett@UCLA.EDU                         Edward Garrett
jcgood@SOCRATES.BERKELEY.EDU             Jeff Good
bhary@EMORY.EDU                          Benjamin Hary
s.hockey@UCL.AC.UK                       Susan Hockey
gary.holton@UAF.EDU                      Gary Holton
whooper@INDIANA.EDU                      Wallace Hooper
jacobson@IDF.EXT.JUSSIEU.FR              Michel Jacobson
leopold@NMNH.SI.EDU                      Robert Leopold
myl@UNAGI.CIS.UPENN.EDU                  Mark Liberman
macw@CMU.EDU                             Brian MacWhinney
amahoney@PERSEUS.TUFTS.EDU               Anne Mahoney
patrick@ELC.AIATSIS.GOV.AU               Patrick McConvell
lmichael@MAIL.UTEXAS.EDU                 Lev Michael
boydm@VJF.CNRS.FR                        Boyd Michailovsky
Anne-Marie.Mineur@LET.UU.NL              Anne-Marie Mineur
Paola.Monachesi@LET.UU.NL                Paola Monachesi
robert.neumann@RHEIN-NECKAR.NETSURF.DE   Robert Neumann
michael.popham@COMPUTING-SERVICES.OXFORD.AC.UK Michael Popham
martha_ratliff@WAYNE.EDU                 Martha Ratliff
Laurent.Romary@LORIA.FR                  Laurent Romary
amybshort@HOTMAIL.COM                    Amy Short
gary.simons@SIL.ORG                      Gary Simons
Joan_Spanne@SIL.ORG                      Joan Spanne
dspitul@LEARNLINK.EMORY.EDU              Debra Spitulnik
suihkonen@EVA.MPG.DE                     Pirkko Suihkonen
stinney@SAS.UPENN.EDU                    Steve Tinney
peter.wittenburg@MPI.NL                  Peter Wittenburg
